score,metrics,experiment
0.1636118328396281,AUROC,0
0.9720602766798419,Accuracy,0
0.9917830317084236,Recall,0
0.9799516848056186,Precision,0
0.9858318614002781,F1 score,0
0.9535243499994438,AUPR,0
