score,metrics,experiment
0.8930472454905044,AUROC,2
0.9668064118372379,Accuracy,2
0.9821963687643223,Recall,2
0.9838811391670661,Precision,2
0.9830380321092825,F1 score,2
0.9974381304170876,AUPR,2
