score,metrics,experiment
0.8172491075836055,AUROC,1
0.8978125794008269,Accuracy,1
0.9750671654907475,Recall,1
0.918821720099373,Precision,1
0.9461092432880184,F1 score,1
0.9809326370206117,AUPR,1
