score,metrics,experiment
0.8810325210557285,AUROC,3
0.9676111358354349,Accuracy,3
0.9935076739294154,Recall,3
0.9730396520589059,Precision,3
0.983167146381579,F1 score,3
0.9926171682538059,AUPR,3
