score,metrics,experiment
0.7510291942040207,AUROC,4
0.9968820370691148,Accuracy,4
0.9979191438763377,Recall,4
0.9989584883201904,Precision,4
0.9984385456167746,F1 score,4
0.9996017282437397,AUPR,4
